{"rewards": [70.0, 70.0, 70.0, 70.0, 70.0, 70.0, 70.0, 70.0, 70.0, 70.0, 70.0, 70.0, 70.0, 70.0, 70.0, 70.0, 70.0, 70.0, 70.0, 70.0, 70.0, 70.0, 70.0, 70.0, 70.0, 70.0, 70.0, 70.0, 70.0, 70.0, 70.0, 70.0, 70.0, 70.0, 70.0, 70.0, 70.0, 70.0, 70.0, 70.0, 70.0, 70.0, 70.0, 70.0, 70.0, 70.0, 70.0, 70.0, 70.0, 70.0, 70.0, 70.0, 70.0, 70.0, 70.0, 70.0, 70.0, 70.0, 70.0, 70.0, 70.0, 70.0, 70.0, 70.0, 70.0, 70.0, 70.0, 70.0, 70.0, 70.0, 70.0, 70.0, 70.0, 70.0, 70.0, 70.0, 70.0, 70.0, 70.0, 70.0, 70.0, 70.0, 70.0, 70.0, 70.0, 70.0, 70.0, 70.0, 70.0, 70.0, 70.0, 70.0, 70.0, 70.0, 70.0, 70.0, 70.0, 70.0, 70.0, 70.0], "acc_time": [1.3349671363830566, 2.634070634841919, 3.9482972621917725, 5.336241245269775, 6.5957112312316895, 7.88936185836792, 9.166434526443481, 10.508056163787842, 11.814713716506958, 13.078969717025757, 14.333426237106323, 15.637911081314087, 16.968140840530396, 18.24657654762268, 19.514103651046753, 20.799731731414795, 22.092170000076294, 23.40996742248535, 24.730571746826172, 26.081254482269287, 27.365400791168213, 28.694212675094604, 30.023322582244873, 31.293576955795288, 32.557666063308716, 33.830087423324585, 35.116405725479126, 36.409711837768555, 37.72972774505615, 39.012168645858765, 40.2948215007782, 41.601112842559814, 42.878408670425415, 44.214985847473145, 45.56151723861694, 46.86469602584839, 48.173667192459106, 49.44552254676819, 50.78335094451904, 52.07307982444763, 53.38542318344116, 54.671255111694336, 55.933249950408936, 57.31301808357239, 58.566839933395386, 59.8100163936615, 61.13420581817627, 62.4048535823822, 63.68574285507202, 64.97474670410156, 66.27152705192566, 67.57955646514893, 68.85702538490295, 70.1145281791687, 71.38259840011597, 72.69390177726746, 73.96927213668823, 75.250408411026, 76.55606293678284, 77.93085169792175, 79.23201537132263, 80.49525284767151, 81.7941358089447, 83.10957884788513, 84.38296008110046, 85.6790542602539, 86.96241450309753, 88.2781937122345, 89.62613582611084, 90.96476244926453, 92.28983902931213, 93.56820440292358, 94.88995027542114, 96.22094941139221, 97.55303597450256, 98.89234805107117, 100.18658995628357, 101.47570538520813, 102.81223249435425, 104.14383935928345, 105.4027783870697, 106.80570387840271, 108.13392353057861, 109.47273373603821, 110.74554657936096, 112.05598664283752, 113.35347652435303, 114.60796904563904, 115.89110708236694, 117.16655206680298, 118.43704795837402, 119.7496702671051, 120.98912000656128, 122.25191378593445, 123.59235954284668, 124.89727067947388, 126.17800045013428, 127.48530912399292, 128.81696128845215, 130.18545293807983]}